iter	MultiClass
0	1.062498909
1	1.031438455
2	1.003497213
3	0.9788400901
4	0.9566516896
5	0.9372207865
6	0.9194569571
7	0.9031923346
8	0.8880491806
9	0.8746204701
10	0.8626868408
11	0.8513056519
12	0.8409049115
13	0.8316320319
14	0.8234283908
15	0.8142554795
16	0.8063624569
17	0.7989405424
18	0.7912259984
19	0.7838786354
20	0.776850816
21	0.7706519213
22	0.7647297555
23	0.7596487525
24	0.7545219286
25	0.7499705264
26	0.7458083515
27	0.742302434
28	0.7383412252
29	0.7347452661
30	0.7315203315
