iter	MultiClass
0	1.034700346
1	0.9854194781
2	0.9447075717
3	0.9106193752
4	0.8814981356
5	0.8587320193
6	0.8390445452
7	0.8217717352
8	0.8066684871
9	0.7919030616
10	0.7794020899
11	0.7679895577
12	0.7573485499
13	0.7474097249
14	0.7388388367
15	0.7314088081
16	0.7252949697
17	0.7189669906
18	0.7141633697
19	0.7082898252
20	0.7039597587
21	0.6997538848
22	0.69616306
23	0.6923335328
